id;wkt_geom;where
1;Point (37.49050299234488648 55.9046311531849156);bound
2;Point (37.49841795020783763 55.90410272123053659);inside
3;Point (37.50219901017021584 55.90628989136003213);both_inside
4;Point (37.50111661022060616 55.90685429246502736);bound and inside
5;Point (37.50809183234561317 55.90313311150912057);outside
